InputDataSize,Put_Binary,Get_Binary,Scan_Binary
1,2.30858e+06,1.13636e+07,1021.93
2,6.28673e+06,2.08333e+07,526.535
4,5.58657e+06,1.51515e+07,211.606
8,2.10923e+06,10218.9,169.039
16,3.68737e+06,3143.49,181.292
32,2.99001e+06,1424.06,126.551
64,2.92771e+06,642.201,109.313
128,2.58056e+06,303.559,90.198
256,2.73622e+06,151.673,62.5271
512,3.00871e+06,74.4922,42.1624
1024,2.92518e+06,35.7938,25.046
