InputDataSize,Put_Binary,Get_Binary,Scan_Binary
1,4.73218e+06,3.125e+07,2092.06
2,2.79949e+06,2.94118e+07,1070.23
4,3.51089e+06,2.17391e+07,400.705
8,1.86629e+06,4274.31,312.443
16,1.71496e+06,1531.06,331.365
32,2.4494e+06,637.213,252.009
64,2.40503e+06,331.472,140.162
128,2.29431e+06,188.347,131.594
256,2.49876e+06,60.0917,37.3766
512,2.22515e+06,33.4827,30.6929
1024,2.39013e+06,18.3777,13.8227
