InputDataSize,Put_Binary,Get_Binary,Scan_Binary
1,3.85687e+06,3.125e+07,2284.58
2,3.91985e+06,3.33333e+07,1015.03
4,2.15441e+06,2.08333e+07,444.464
8,2.38917e+06,3595.44,395.514
16,2.05862e+06,1573.87,228.416
32,2.00015e+06,480.869,187.002
64,2.32684e+06,235.579,144.96
128,2.10359e+06,166.475,76.6303
256,2.25341e+06,73.2837,44.7323
512,2.40767e+06,41.912,28.031
1024,2.21103e+06,16.9216,16.1845
